workload,num_chiplets,link_bw,best_strategy,speedup,efficiency,compute_fraction,interconnect_fraction
resnet50_conv1,2,1,split_m,1.0213905133203378,0.5106952566601689,0.5106952566601689,0.4893047433398311
resnet50_conv1,2,2,split_m,1.3519799084872879,0.6759899542436439,0.6759899542436439,0.32401004575635606
resnet50_conv1,2,4,split_m,1.6130197430529902,0.8065098715264951,0.8065098715264951,0.19349012847350489
resnet50_conv1,2,8,split_m,1.7853800372541002,0.8926900186270501,0.8926900186270501,0.10730998137294989
resnet50_conv1,2,16,split_m,1.8861531077513798,0.9430765538756899,0.9430765538756899,0.056923446124310106
resnet50_conv1,2,32,split_m,1.9409295204227788,0.9704647602113894,0.9704647602113894,0.029535239788610612
resnet50_conv1,2,64,split_m,1.9695283917205433,0.9847641958602716,0.9847641958602716,0.01523580413972836
resnet50_conv1,2,128,split_m,1.9841462183176815,0.9920731091588407,0.9920731091588407,0.007926890841159273
resnet50_conv1,2,256,split_m,1.9914863426747074,0.9957431713373537,0.9957431713373537,0.004256828662646317
resnet50_conv1,2,512,split_m,1.9952274573517466,0.9976137286758733,0.9976137286758733,0.002386271324126721
resnet50_conv1,2,1024,split_m,1.9970525459904462,0.9985262729952231,0.9985262729952231,0.0014737270047768813
resnet50_conv1,2,2048,split_m,1.997966342976257,0.9989831714881285,0.9989831714881285,0.0010168285118714593
resnet50_conv1,4,1,split_m,1.3611582556890998,0.34028956392227494,0.34723424890028054,0.6527657510997195
resnet50_conv1,4,2,split_m,2.019113189128089,0.5047782972820223,0.515079895185737,0.48492010481426295
resnet50_conv1,4,4,split_m,2.6626465207669896,0.6656616301917474,0.6792465614201504,0.3207534385798496
resnet50_conv1,4,8,split_m,3.167405496896913,0.7918513742242282,0.8080116063512534,0.19198839364874665
resnet50_conv1,4,16,split_m,3.4990650877036775,0.8747662719259194,0.8926186448223666,0.10738135517763336
resnet50_conv1,4,32,split_m,3.6923799680541203,0.9230949920135301,0.9419336653199286,0.058066334680071385
resnet50_conv1,4,64,split_m,3.797275099043386,0.9493187747608465,0.9686926273069861,0.03130737269301387
resnet50_conv1,4,128,split_m,3.851989805920408,0.962997451480102,0.9826504606939815,0.017349539306018458
resnet50_conv1,4,256,split_m,3.879751209398756,0.969937802349689,0.9897324513772336,0.010267548622766354
resnet50_conv1,4,512,split_m,3.8939754260800634,0.9734938565200159,0.9933610780816489,0.006638921918351137
resnet50_conv1,4,1024,split_m,3.9009330950962875,0.9752332737740719,0.9951359936470121,0.004864006352987893
resnet50_conv1,4,2048,split_m,3.904421261798311,0.9761053154495778,0.9960258320914058,0.003974167908594173
resnet50_conv1,8,1,split_m,1.6306900701273912,0.2038362587659239,0.21631602971077638,0.7836839702892237
resnet50_conv1,8,2,split_m,2.674971070723572,0.3343713838404465,0.35484310121843304,0.645156898781567
resnet50_conv1,8,4,split_m,3.934915390007009,0.49186442375087613,0.521978572143787,0.47802142785621304
resnet50_conv1,8,8,split_m,5.147085789129011,0.6433857236411263,0.6827766863130321,0.3172233136869679
resnet50_conv1,8,16,split_m,6.084223564019198,0.7605279455023998,0.8070908809413222,0.1929091190586778
resnet50_conv1,8,32,split_m,6.693578606710952,0.836697325838869,0.887923692726963,0.11207630727303697
resnet50_conv1,8,64,split_m,7.046440738748431,0.8808050923435539,0.9347319347319347,0.06526806526806528
resnet50_conv1,8,128,split_m,7.2372007366482505,0.9046500920810313,0.960036832412523,0.03996316758747698
resnet50_conv1,8,256,split_m,7.335822288594363,0.9169777860742954,0.9731192831808848,0.02688071681911519
resnet50_conv1,8,512,split_m,7.386842105263158,0.9233552631578947,0.9798872180451128,0.020112781954887193
resnet50_conv1,8,1024,split_m,7.411920030177291,0.9264900037721614,0.9832138815541305,0.016786118445869525
resnet50_conv1,8,2048,split_m,7.424522954846023,0.9280653693557529,0.9848856980918194,0.015114301908180638
resnet50_conv2_1_2,2,1,split_m,0.24548078743138368,0.12274039371569184,0.1276500094643195,0.8723499905356805
resnet50_conv2_1_2,2,2,split_m,0.4353390399462907,0.21766951997314535,0.22637630077207116,0.7736236992279288
resnet50_conv2_1_2,2,4,split_m,0.7098385331143952,0.3549192665571976,0.3691160372194855,0.6308839627805145
resnet50_conv2_1_2,2,8,split_m,1.0366706634692247,0.5183353317346123,0.5390687450039968,0.4609312549960032
resnet50_conv2_1_2,2,16,split_m,1.3467030114226375,0.6733515057113187,0.7002855659397715,0.29971443406022846
resnet50_conv2_1_2,2,32,split_m,1.5834859584859584,0.7917429792429792,0.8234126984126984,0.17658730158730163
resnet50_conv2_1_2,2,64,split_m,1.7361111111111112,0.8680555555555556,0.9027777777777778,0.09722222222222221
resnet50_conv2_1_2,2,128,split_m,1.82401547116737,0.912007735583685,0.9484880450070323,0.05151195499296768
resnet50_conv2_1_2,2,256,split_m,1.8713924963924964,0.9356962481962482,0.9731240981240982,0.02687590187590183
resnet50_conv2_1_2,2,512,split_m,1.896016081871345,0.9480080409356725,0.9859283625730995,0.01407163742690054
resnet50_conv2_1_2,2,1024,split_m,1.9085724797645327,0.9542862398822664,0.9924576894775571,0.007542310522442919
resnet50_conv2_1_2,2,2048,split_m,1.9149132521225545,0.9574566260612772,0.9957548911037283,0.004245108896271721
resnet50_conv2_1_2,4,1,split_m,0.2607832294389704,0.0651958073597426,0.07301930424291173,0.9269806957570883
resnet50_conv2_1_2,4,2,split_m,0.4859029599100787,0.12147573997751968,0.13605282877482203,0.863947171225178
resnet50_conv2_1_2,4,4,split_m,0.8548945286750165,0.21372363216875412,0.2393704680290046,0.7606295319709954
resnet50_conv2_1_2,4,8,split_m,1.3781880977683316,0.3445470244420829,0.38589266737513284,0.6141073326248672
resnet50_conv2_1_2,4,16,split_m,1.9860260336906586,0.49650650842266464,0.5560872894333844,0.44391271056661563
resnet50_conv2_1_2,4,32,split_m,2.5478880157170924,0.6369720039292731,0.7134086444007859,0.2865913555992141
resnet50_conv2_1_2,4,64,split_m,2.9676773455377576,0.7419193363844394,0.8309496567505721,0.16905034324942791
resnet50_conv2_1_2,4,128,split_m,3.2341022443890273,0.8085255610972568,0.9055486284289277,0.0944513715710723
resnet50_conv2_1_2,4,256,split_m,3.3860966057441253,0.8465241514360313,0.9481070496083551,0.051892950391644876
resnet50_conv2_1_2,4,512,split_m,3.4675802139037435,0.8668950534759359,0.9709224598930482,0.02907754010695185
resnet50_conv2_1_2,4,1024,split_m,3.509810554803789,0.8774526387009473,0.9827469553450608,0.017253044654939154
resnet50_conv2_1_2,4,2048,split_m,3.5313138189244384,0.8828284547311096,0.9887678692988427,0.01123213070115725
resnet50_conv2_1_2,8,1,split_m,0.2690681812287663,0.03363352265359579,0.04305090899660261,0.9569490910033974
resnet50_conv2_1_2,8,2,split_m,0.5154767228101556,0.06443459035126944,0.08247627564962488,0.9175237243503751
resnet50_conv2_1_2,8,4,split_m,0.950875263495555,0.11885940793694437,0.15214004215928878,0.8478599578407112
resnet50_conv2_1_2,8,8,split_m,1.6460415675075362,0.20575519593844202,0.26336665080120575,0.7366333491987942
resnet50_conv2_1_2,8,16,split_m,2.5943985996499124,0.32429982495623905,0.415103775943986,0.584896224056014
resnet50_conv2_1_2,8,32,split_m,3.6441868633649457,0.4555233579206182,0.5830698981383913,0.4169301018616087
resnet50_conv2_1_2,8,64,split_m,4.56847203874945,0.5710590048436812,0.7309555261999119,0.2690444738000881
resnet50_conv2_1_2,8,128,split_m,5.231971759959657,0.6539964699949571,0.8371154815935451,0.1628845184064549
resnet50_conv2_1_2,8,256,split_m,5.6416530723219145,0.7052066340402393,0.9026644915715063,0.0973355084284937
resnet50_conv2_1_2,8,512,split_m,5.871533672891907,0.7339417091114884,0.9394453876627051,0.060554612337294866
resnet50_conv2_1_2,8,1024,split_m,5.993645291738879,0.7492056614673599,0.9589832466782207,0.04101675332177934
resnet50_conv2_1_2,8,2048,split_m,6.056625802685347,0.7570782253356684,0.9690601284296556,0.03093987157034439
resnet50_conv3_1_2,2,1,split_m,0.03274706700471808,0.01637353350235904,0.01871260971698176,0.9812873902830183
resnet50_conv3_1_2,2,2,split_m,0.06428898033836306,0.03214449016918153,0.036736560193350316,0.9632634398066496
resnet50_conv3_1_2,2,4,split_m,0.12401401174365566,0.06200700587182783,0.07086514956780324,0.9291348504321968
resnet50_conv3_1_2,2,8,split_m,0.23158736881735612,0.11579368440867806,0.1323356393242035,0.8676643606757966
resnet50_conv3_1_2,2,16,split_m,0.4089586969168121,0.20447934845840604,0.23369068395246406,0.7663093160475359
resnet50_conv3_1_2,2,32,split_m,0.6627609427609428,0.3313804713804714,0.37872053872053874,0.6212794612794612
resnet50_conv3_1_2,2,64,split_m,0.9609451279047061,0.48047256395235305,0.549111501659832,0.450888498340168
resnet50_conv3_1_2,2,128,split_m,1.2398589065255732,0.6199294532627866,0.7084908037288989,0.29150919627110106
resnet50_conv3_1_2,2,256,split_m,1.4503389330975538,0.7251694665487769,0.8287651046271736,0.17123489537282643
resnet50_conv3_1_2,2,512,split_m,1.5848631239935589,0.7924315619967794,0.9056360708534622,0.0943639291465378
resnet50_conv3_1_2,2,1024,split_m,1.6619385342789599,0.8309692671394799,0.9496791624451199,0.05032083755488015
resnet50_conv3_1_2,2,2048,split_m,1.7033575631706472,0.8516787815853236,0.9733471789546556,0.026652821045344388
resnet50_conv3_1_2,4,1,split_m,0.033054131934415656,0.008263532983603914,0.00944403769554733,0.9905559623044526
resnet50_conv3_1_2,4,2,split_m,0.06548323996327296,0.01637080999081824,0.018709497132363705,0.9812905028676363
resnet50_conv3_1_2,4,4,split_m,0.12853598014888337,0.03213399503722084,0.03672456575682382,0.9632754342431762
resnet50_conv3_1_2,4,8,split_m,0.2478718581574573,0.061967964539364324,0.07082053090213065,0.9291794690978693
resnet50_conv3_1_2,4,16,split_m,0.46263044091379146,0.11565761022844787,0.132180125975369,0.867819874024631
resnet50_conv3_1_2,4,32,split_m,0.8162215956211644,0.2040553989052911,0.23320617017747552,0.7667938298225245
resnet50_conv3_1_2,4,64,split_m,1.3210738255033556,0.3302684563758389,0.3774496644295302,0.6225503355704698
resnet50_conv3_1_2,4,128,split_m,1.9125534395647104,0.4781383598911776,0.5464438398756316,0.4535561601243684
resnet50_conv3_1_2,4,256,split_m,2.4641962944416624,0.6160490736104156,0.7040560841261893,0.29594391587381075
resnet50_conv3_1_2,4,512,split_m,2.879461673493271,0.7198654183733177,0.8227033352837917,0.1772966647162083
resnet50_conv3_1_2,4,1024,split_m,3.144408945686901,0.7861022364217253,0.8984025559105431,0.10159744408945692
resnet50_conv3_1_2,4,2048,split_m,3.2960482250502343,0.8240120562625586,0.941728064300067,0.05827193569993305
resnet50_conv3_1_2,8,1,split_m,0.03320647259673131,0.004150809074591414,0.004743781799533045,0.995256218200467
resnet50_conv3_1_2,8,2,split_m,0.06608385034780974,0.008260481293476217,0.009440550049687106,0.9905594499503129
resnet50_conv3_1_2,8,4,split_m,0.13087069836710813,0.016358837295888516,0.01869581405244402,0.981304185947556
resnet50_conv3_1_2,8,8,split_m,0.25670318205529474,0.03208789775691184,0.03667188315075639,0.9633281168492436
resnet50_conv3_1_2,8,16,split_m,0.49437412095639943,0.06179676511954993,0.07062487442234278,0.9293751255776572
resnet50_conv3_1_2,8,32,split_m,0.9205013093901983,0.11506266367377478,0.13150018705574262,0.8684998129442574
resnet50_conv3_1_2,8,64,split_m,1.6176857330703485,0.20221071663379356,0.23109796186719264,0.7689020381328073
resnet50_conv3_1_2,8,128,split_m,2.6037037037037036,0.32546296296296295,0.37195767195767193,0.6280423280423281
resnet50_conv3_1_2,8,256,split_m,3.7450532724505328,0.4681316590563166,0.5350076103500762,0.46499238964992384
resnet50_conv3_1_2,8,512,split_m,4.796296296296297,0.5995370370370371,0.6851851851851852,0.31481481481481477
resnet50_conv3_1_2,8,1024,split_m,5.579365079365079,0.6974206349206349,0.7970521541950113,0.2029478458049887
resnet50_conv3_1_2,8,2048,split_m,6.075308641975309,0.7594135802469136,0.8679012345679012,0.13209876543209875
resnet50_conv4_1_2,2,1,split_n,0.011265074964714069,0.0056325374823570345,0.0056325374823570345,0.994367462517643
resnet50_conv4_1_2,2,2,split_n,0.022403713516235685,0.011201856758117842,0.011201856758117842,0.9887981432418822
resnet50_conv4_1_2,2,4,split_n,0.04431010142128375,0.022155050710641874,0.022155050710641874,0.9778449492893582
resnet50_conv4_1_2,2,8,split_n,0.08669570080154547,0.043347850400772735,0.043347850400772735,0.9566521495992273
resnet50_conv4_1_2,2,16,split_n,0.1661740344950791,0.08308701724753954,0.08308701724753954,0.9169129827524605
resnet50_conv4_1_2,2,32,split_n,0.30680659670164917,0.15340329835082459,0.15340329835082459,0.8465967016491754
resnet50_conv4_1_2,2,64,split_n,0.5318640191288075,0.26593200956440377,0.26593200956440377,0.7340679904355962
resnet50_conv4_1_2,2,128,split_n,0.8399277622722049,0.41996388113610245,0.41996388113610245,0.5800361188638976
resnet50_conv4_1_2,2,256,split_n,1.1823434250057776,0.5911717125028888,0.5911717125028888,0.4088282874971112
resnet50_conv4_1_2,2,512,split_n,1.4850507982583454,0.7425253991291727,0.7425253991291727,0.2574746008708273
resnet50_conv4_1_2,2,1024,split_n,1.7030625832223703,0.8515312916111851,0.8515312916111851,0.14846870838881487
resnet50_conv4_1_2,2,2048,split_n,1.8379737740255075,0.9189868870127538,0.9189868870127538,0.08101311298724623
resnet50_conv4_1_2,4,1,split_mn,0.017271763569947942,0.0043179408924869855,0.0043179408924869855,0.9956820591075131
resnet50_conv4_1_2,4,2,split_mn,0.03439327731092437,0.008598319327731092,0.008598319327731092,0.9914016806722689
resnet50_conv4_1_2,4,4,split_mn,0.06819332995654608,0.01704833248913652,0.01704833248913652,0.9829516675108635
resnet50_conv4_1_2,4,8,split_mn,0.1340741128989989,0.033518528224749725,0.033518528224749725,0.9664814717752502
resnet50_conv4_1_2,4,16,split_mn,0.25935313799046944,0.06483828449761736,0.06483828449761736,0.9351617155023826
resnet50_conv4_1_2,4,32,split_mn,0.4867745004757374,0.12169362511893435,0.12169362511893435,0.8783063748810657
resnet50_conv4_1_2,4,64,split_mn,0.8668248051507963,0.21670620128769907,0.21670620128769907,0.783293798712301
resnet50_conv4_1_2,4,128,split_mn,1.4219010561423013,0.35547526403557533,0.35547526403557533,0.6445247359644246
resnet50_conv4_1_2,4,256,split_mn,2.0915780866721176,0.5228945216680294,0.5228945216680294,0.4771054783319706
resnet50_conv4_1_2,4,512,split_mn,2.7358288770053476,0.6839572192513369,0.6839572192513369,0.3160427807486631
resnet50_conv4_1_2,4,1024,split_mn,3.233881163084703,0.8084702907711757,0.8084702907711757,0.19152970922882429
resnet50_conv4_1_2,4,2048,split_mn,3.557719054242003,0.8894297635605007,0.8894297635605007,0.11057023643949926
resnet50_conv4_1_2,8,1,split_mn,0.022526925752732203,0.0028158657190915253,0.005631731438183051,0.9943682685618169
resnet50_conv4_1_2,8,2,split_mn,0.04479467647316347,0.005599334559145434,0.011198669118290868,0.9888013308817092
resnet50_conv4_1_2,8,4,split_mn,0.08857034036217583,0.011071292545271979,0.022142585090543957,0.977857414909456
resnet50_conv4_1_2,8,8,split_mn,0.1732006229263999,0.021650077865799987,0.043300155731599975,0.9566998442684
resnet50_conv4_1_2,8,16,split_mn,0.33164786723713213,0.04145598340464152,0.08291196680928303,0.917088033190717
resnet50_conv4_1_2,8,32,split_mn,0.6112305854241338,0.07640382317801672,0.15280764635603344,0.8471923536439665
resnet50_conv4_1_2,8,64,split_mn,1.0565881866997109,0.13207352333746386,0.2641470466749277,0.7358529533250723
resnet50_conv4_1_2,8,128,split_mn,1.6621182586094867,0.20776478232618584,0.4155295646523717,0.5844704353476283
resnet50_conv4_1_2,8,256,split_mn,2.3296903460837886,0.29121129326047357,0.5824225865209471,0.41757741347905286
resnet50_conv4_1_2,8,512,split_mn,2.915099715099715,0.3643874643874644,0.7287749287749288,0.2712250712250712
resnet50_conv4_1_2,8,1024,split_mn,3.333985011404366,0.41674812642554576,0.8334962528510915,0.16650374714890848
resnet50_conv4_1_2,8,2048,split_mn,3.5914355914355913,0.4489294489294489,0.8978588978588978,0.10214110214110217
resnet50_conv5_1_2,2,1,split_n,0.04215747055176689,0.021078735275883446,0.021078735275883446,0.9789212647241166
resnet50_conv5_1_2,2,2,split_n,0.08257262467837946,0.04128631233918973,0.04128631233918973,0.9587136876608102
resnet50_conv5_1_2,2,4,split_n,0.15859088314441816,0.07929544157220908,0.07929544157220908,0.9207045584277909
resnet50_conv5_1_2,2,8,split_n,0.2938563355595177,0.14692816777975884,0.14692816777975884,0.8530718322202412
resnet50_conv5_1_2,2,16,split_n,0.5123557616312767,0.25617788081563836,0.25617788081563836,0.7438221191843617
resnet50_conv5_1_2,2,32,split_n,0.8155665520422712,0.4077832760211356,0.4077832760211356,0.5922167239788644
resnet50_conv5_1_2,2,64,split_n,1.1583085169743894,0.5791542584871947,0.5791542584871947,0.4208457415128053
resnet50_conv5_1_2,2,128,split_n,1.4664454833358467,0.7332227416679233,0.7332227416679233,0.26677725833207666
resnet50_conv5_1_2,2,256,split_n,1.6914245955818403,0.8457122977909202,0.8457122977909202,0.15428770220907984
resnet50_conv5_1_2,2,512,split_n,1.8319517709118311,0.9159758854559156,0.9159758854559156,0.08402411454408443
resnet50_conv5_1_2,2,1024,split_n,1.9113513513513514,0.9556756756756757,0.9556756756756757,0.044324324324324316
resnet50_conv5_1_2,2,2048,split_n,1.9535911602209945,0.9767955801104973,0.9767955801104973,0.023204419889502725
resnet50_conv5_1_2,4,1,split_n,0.04260464953250554,0.010651162383126385,0.010651162383126385,0.9893488376168736
resnet50_conv5_1_2,4,2,split_n,0.08430580361013335,0.021076450902533336,0.021076450902533336,0.9789235490974667
resnet50_conv5_1_2,4,4,split_n,0.1651101979828166,0.04127754949570415,0.04127754949570415,0.9587224505042958
resnet50_conv5_1_2,4,8,split_n,0.3170524942940985,0.07926312357352462,0.07926312357352462,0.9207368764264754
resnet50_conv5_1_2,4,16,split_n,0.5872689938398358,0.14681724845995894,0.14681724845995894,0.8531827515400411
resnet50_conv5_1_2,4,32,split_n,1.023363502420543,0.25584087560513574,0.25584087560513574,0.7441591243948642
resnet50_conv5_1_2,4,64,split_n,1.6277201205222631,0.4069300301305658,0.4069300301305658,0.5930699698694342
resnet50_conv5_1_2,4,128,split_n,2.3097387173396675,0.5774346793349169,0.5774346793349169,0.4225653206650831
resnet50_conv5_1_2,4,256,split_n,2.921875,0.73046875,0.73046875,0.26953125
resnet50_conv5_1_2,4,512,split_n,3.368202286110149,0.8420505715275373,0.8420505715275373,0.15794942847246274
resnet50_conv5_1_2,4,1024,split_n,3.646727920495031,0.9116819801237578,0.9116819801237578,0.08831801987624222
resnet50_conv5_1_2,4,2048,split_n,3.8036377860355954,0.9509094465088989,0.9509094465088989,0.04909055349110114
resnet50_conv5_1_2,8,1,split_n,0.042600916506759894,0.005325114563344987,0.010650229126689973,0.98934977087331
resnet50_conv5_1_2,8,2,split_n,0.0842911877394636,0.01053639846743295,0.0210727969348659,0.9789272030651341
resnet50_conv5_1_2,8,4,split_n,0.16505414672234103,0.02063176834029263,0.04126353668058526,0.9587364633194148
resnet50_conv5_1_2,8,8,split_n,0.31684587813620074,0.03960573476702509,0.07921146953405019,0.9207885304659498
resnet50_conv5_1_2,8,16,split_n,0.5865605018699481,0.07332006273374352,0.14664012546748703,0.8533598745325129
resnet50_conv5_1_2,8,32,split_n,1.0212140306658266,0.12765175383322833,0.25530350766645665,0.7446964923335433
resnet50_conv5_1_2,8,64,split_n,1.622288955622289,0.20278611945278613,0.40557223890557226,0.5944277610944277
resnet50_conv5_1_2,8,128,split_n,2.2988179669030733,0.28735224586288416,0.5747044917257683,0.4252955082742317
resnet50_conv5_1_2,8,256,split_n,2.90442054958184,0.36305256869773,0.72610513739546,0.27389486260454
resnet50_conv5_1_2,8,512,split_n,3.345029239766082,0.41812865497076024,0.8362573099415205,0.16374269005847952
resnet50_conv5_1_2,8,1024,split_n,3.619579378373348,0.4524474222966685,0.904894844593337,0.09510515540666298
resnet50_conv5_1_2,8,2048,split_n,3.774112167669319,0.4717640209586649,0.9435280419173298,0.05647195808267025
bert_qk_seq512,2,1,split_m,0.07472462916727861,0.037362314583639304,0.037362314583639304,0.9626376854163607
bert_qk_seq512,2,2,split_m,0.1440462034992356,0.0720231017496178,0.0720231017496178,0.9279768982503822
bert_qk_seq512,2,4,split_m,0.26866617383039393,0.13433308691519696,0.13433308691519696,0.865666913084803
bert_qk_seq512,2,8,split_m,0.4734785036292574,0.2367392518146287,0.2367392518146287,0.7632607481853713
bert_qk_seq512,2,16,split_m,0.7651127819548872,0.3825563909774436,0.3825563909774436,0.6174436090225564
bert_qk_seq512,2,32,split_m,1.105606258148631,0.5528031290743155,0.5528031290743155,0.4471968709256845
bert_qk_seq512,2,64,split_m,1.4220234768026832,0.7110117384013416,0.7110117384013416,0.2889882615986584
bert_qk_seq512,2,128,split_m,1.659491193737769,0.8297455968688845,0.8297455968688845,0.1702544031311155
bert_qk_seq512,2,256,split_m,1.8106761565836298,0.9053380782918149,0.9053380782918149,0.0946619217081851
bert_qk_seq512,2,512,split_m,1.8970917225950783,0.9485458612975392,0.9485458612975392,0.05145413870246085
bert_qk_seq512,2,1024,split_m,1.943468296409473,0.9717341482047365,0.9717341482047365,0.02826585179526353
bert_qk_seq512,2,2048,split_m,1.9675174013921113,0.9837587006960556,0.9837587006960556,0.016241299303944357
bert_qk_seq512,4,1,split_mn,0.1493395949515703,0.03733489873789257,0.03733489873789257,0.9626651012621075
bert_qk_seq512,4,2,split_mn,0.2876851747144634,0.07192129367861586,0.07192129367861586,0.9280787063213841
bert_qk_seq512,4,4,split_mn,0.5359174215293869,0.13397935538234673,0.13397935538234673,0.8660206446176533
bert_qk_seq512,4,8,split_mn,0.9425713227121156,0.2356428306780289,0.2356428306780289,0.7643571693219711
bert_qk_seq512,4,16,split_mn,1.5188059701492538,0.37970149253731345,0.37970149253731345,0.6202985074626866
bert_qk_seq512,4,32,split_mn,2.187446259673259,0.5468615649183147,0.5468615649183147,0.4531384350816853
bert_qk_seq512,4,64,split_mn,2.804851157662624,0.701212789415656,0.701212789415656,0.298787210584344
bert_qk_seq512,4,128,split_mn,3.2657252888318355,0.8164313222079589,0.8164313222079589,0.1835686777920411
bert_qk_seq512,4,256,split_mn,3.558041958041958,0.8895104895104895,0.8895104895104895,0.1104895104895105
bert_qk_seq512,4,512,split_mn,3.724743777452416,0.931185944363104,0.931185944363104,0.06881405563689602
bert_qk_seq512,4,1024,split_mn,3.814092953523238,0.9535232383808095,0.9535232383808095,0.046476761619190454
bert_qk_seq512,4,2048,split_mn,3.860394537177542,0.9650986342943855,0.9650986342943855,0.03490136570561453
bert_qk_seq512,8,1,split_mn,0.15199856605126366,0.018999820756407958,0.018999820756407958,0.9810001792435921
bert_qk_seq512,8,2,split_mn,0.2977179637214745,0.037214745465184315,0.037214745465184315,0.9627852545348157
bert_qk_seq512,8,4,split_mn,0.571813890761969,0.07147673634524612,0.07147673634524612,0.9285232636547539
bert_qk_seq512,8,8,split_mn,1.0595585172844648,0.1324448146605581,0.1324448146605581,0.8675551853394419
bert_qk_seq512,8,16,split_mn,1.8474945533769063,0.23093681917211328,0.23093681917211328,0.7690631808278867
bert_qk_seq512,8,32,split_mn,2.9410404624277455,0.3676300578034682,0.3676300578034682,0.6323699421965319
bert_qk_seq512,8,64,split_mn,4.177339901477833,0.5221674876847291,0.5221674876847291,0.4778325123152709
bert_qk_seq512,8,128,split_mn,5.288981288981289,0.6611226611226612,0.6611226611226612,0.33887733887733884
bert_qk_seq512,8,256,split_mn,6.100719424460432,0.762589928057554,0.762589928057554,0.237410071942446
bert_qk_seq512,8,512,split_mn,6.607792207792208,0.825974025974026,0.825974025974026,0.17402597402597397
bert_qk_seq512,8,1024,split_mn,6.894308943089431,0.8617886178861789,0.8617886178861789,0.1382113821138211
bert_qk_seq512,8,2048,split_mn,7.0470914127423825,0.8808864265927978,0.8808864265927978,0.11911357340720219
bert_av_seq512,2,1,split_m,0.04567816571752288,0.02283908285876144,0.02283908285876144,0.9771609171412385
bert_av_seq512,2,2,split_m,0.08930341008452346,0.04465170504226173,0.04465170504226173,0.9553482949577383
bert_av_seq512,2,4,split_m,0.17092491353341516,0.08546245676670758,0.08546245676670758,0.9145375432332924
bert_av_seq512,2,8,split_m,0.3147729607561126,0.1573864803780563,0.1573864803780563,0.8426135196219438
bert_av_seq512,2,16,split_m,0.5434551259311813,0.27172756296559064,0.27172756296559064,0.7282724370344094
bert_av_seq512,2,32,split_m,0.8534818941504179,0.42674094707520893,0.42674094707520893,0.5732590529247911
bert_av_seq512,2,64,split_m,1.1940763834762276,0.5970381917381138,0.5970381917381138,0.4029618082618862
bert_av_seq512,2,128,split_m,1.4917234664070107,0.7458617332035054,0.7458617332035054,0.25413826679649465
bert_av_seq512,2,256,split_m,1.704115684093437,0.8520578420467185,0.8520578420467185,0.14794215795328147
bert_av_seq512,2,512,split_m,1.8347305389221558,0.9173652694610779,0.9173652694610779,0.08263473053892212
bert_av_seq512,2,1024,split_m,1.9078455790784559,0.9539227895392279,0.9539227895392279,0.04607721046077207
bert_av_seq512,2,2048,split_m,1.9466327827191867,0.9733163913595934,0.9733163913595934,0.026683608640406642
bert_av_seq512,4,1,split_m,0.04619188325393475,0.011547970813483688,0.011547970813483688,0.9884520291865163
bert_av_seq512,4,2,split_m,0.09128828506733405,0.022822071266833513,0.022822071266833513,0.9771779287331664
bert_av_seq512,4,4,split_m,0.17834691501746217,0.04458672875436554,0.04458672875436554,0.9554132712456345
bert_av_seq512,4,8,split_m,0.3408989764129951,0.08522474410324878,0.08522474410324878,0.9147752558967512
bert_av_seq512,4,16,split_m,0.6263286999182338,0.15658217497955845,0.15658217497955845,0.8434178250204416
bert_av_seq512,4,32,split_m,1.0773558368495078,0.26933895921237694,0.26933895921237694,0.7306610407876231
bert_av_seq512,4,64,split_m,1.6835164835164835,0.4208791208791209,0.4208791208791209,0.5791208791208791
bert_av_seq512,4,128,split_m,2.3425076452599387,0.5856269113149847,0.5856269113149847,0.4143730886850153
bert_av_seq512,4,256,split_m,2.91254752851711,0.7281368821292775,0.7281368821292775,0.2718631178707225
bert_av_seq512,4,512,split_m,3.316017316017316,0.829004329004329,0.829004329004329,0.17099567099567103
bert_av_seq512,4,1024,split_m,3.562790697674419,0.8906976744186047,0.8906976744186047,0.1093023255813953
bert_av_seq512,4,2048,split_m,3.7004830917874396,0.9251207729468599,0.9251207729468599,0.0748792270531401
bert_av_seq512,8,1,split_m,0.04616404507925029,0.005770505634906286,0.011541011269812572,0.9884589887301874
bert_av_seq512,8,2,split_m,0.09117962147363409,0.011397452684204262,0.022794905368408523,0.9772050946315914
bert_av_seq512,8,4,split_m,0.17793263646922183,0.02224157955865273,0.04448315911730546,0.9555168408826945
bert_av_seq512,8,8,split_m,0.3393885688967656,0.0424235711120957,0.0848471422241914,0.9151528577758086
bert_av_seq512,8,16,split_m,0.6212489862124899,0.07765612327656124,0.15531224655312248,0.8446877534468775
bert_av_seq512,8,32,split_m,1.0624133148404993,0.1328016643550624,0.2656033287101248,0.7343966712898752
bert_av_seq512,8,64,split_m,1.6473118279569892,0.20591397849462365,0.4118279569892473,0.5881720430107527
bert_av_seq512,8,128,split_m,2.2729970326409497,0.2841246290801187,0.5682492581602374,0.4317507418397626
bert_av_seq512,8,256,split_m,2.8058608058608057,0.3507326007326007,0.7014652014652014,0.2985347985347986
bert_av_seq512,8,512,split_m,3.1784232365145226,0.39730290456431533,0.7946058091286307,0.20539419087136934
bert_av_seq512,8,1024,split_m,3.4044444444444446,0.4255555555555556,0.8511111111111112,0.14888888888888885
bert_av_seq512,8,2048,split_m,3.5299539170506913,0.4412442396313364,0.8824884792626728,0.11751152073732718
bert_qkv_proj_seq512,2,1,split_n,0.030709672895909132,0.015354836447954566,0.015354836447954566,0.9846451635520455
bert_qkv_proj_seq512,2,2,split_n,0.06048977779969913,0.030244888899849564,0.030244888899849564,0.9697551111001504
bert_qkv_proj_seq512,2,4,split_n,0.11742514912725845,0.05871257456362922,0.05871257456362922,0.9412874254363708
bert_qkv_proj_seq512,2,8,split_n,0.22181627448497893,0.11090813724248946,0.11090813724248946,0.8890918627575105
bert_qkv_proj_seq512,2,16,split_n,0.399309738547195,0.1996548692735975,0.1996548692735975,0.8003451307264025
bert_qkv_proj_seq512,2,32,split_n,0.6656173677069199,0.33280868385345996,0.33280868385345996,0.66719131614654
bert_qkv_proj_seq512,2,64,split_n,0.9986157479032652,0.4993078739516326,0.4993078739516326,0.5006921260483674
bert_qkv_proj_seq512,2,128,split_n,1.3317406884569443,0.6658703442284721,0.6658703442284721,0.33412965577152787
bert_qkv_proj_seq512,2,256,split_n,1.5983318128502542,0.7991659064251271,0.7991659064251271,0.20083409357487292
bert_qkv_proj_seq512,2,512,split_n,1.7761042722664735,0.8880521361332367,0.8880521361332367,0.11194786386676325
bert_qkv_proj_seq512,2,1024,split_n,1.8806931452231253,0.9403465726115626,0.9403465726115626,0.059653427388437374
bert_qkv_proj_seq512,2,2048,split_n,1.93774687944383,0.968873439721915,0.968873439721915,0.031126560278085025
bert_qkv_proj_seq512,4,1,split_mn,0.04115532915202706,0.010288832288006765,0.010288832288006765,0.9897111677119932
bert_qkv_proj_seq512,4,2,split_mn,0.08146834333087546,0.020367085832718866,0.020367085832718866,0.9796329141672812
bert_qkv_proj_seq512,4,4,split_mn,0.15966878881381089,0.03991719720345272,0.03991719720345272,0.9600828027965472
bert_qkv_proj_seq512,4,8,split_mn,0.30702215546376266,0.07675553886594066,0.07675553886594066,0.9232444611340593
bert_qkv_proj_seq512,4,16,split_mn,0.5700739087993306,0.14251847719983265,0.14251847719983265,0.8574815228001673
bert_qkv_proj_seq512,4,32,split_mn,0.9973164186386924,0.2493291046596731,0.2493291046596731,0.7506708953403269
bert_qkv_proj_seq512,4,64,split_mn,1.5950058525165822,0.39875146312914556,0.39875146312914556,0.6012485368708544
bert_qkv_proj_seq512,4,128,split_mn,2.2774373259052925,0.5693593314763231,0.5693593314763231,0.4306406685236769
bert_qkv_proj_seq512,4,256,split_mn,2.8972360028348687,0.7243090007087172,0.7243090007087172,0.2756909992912828
bert_qkv_proj_seq512,4,512,split_mn,3.353568498769483,0.8383921246923708,0.8383921246923708,0.1616078753076292
bert_qkv_proj_seq512,4,1024,split_mn,3.640249332146037,0.9100623330365093,0.9100623330365093,0.0899376669634907
bert_qkv_proj_seq512,4,2048,split_mn,3.8027906976744186,0.9506976744186046,0.9506976744186046,0.049302325581395356
bert_qkv_proj_seq512,8,1,split_mn,0.06172522610940827,0.0077156532636760335,0.010287537684901378,0.9897124623150986
bert_qkv_proj_seq512,8,2,split_mn,0.12217208093003795,0.015271510116254744,0.02036201348833966,0.9796379865116603
bert_qkv_proj_seq512,8,4,split_mn,0.23938630907067987,0.029923288633834984,0.039897718178446645,0.9601022818215533
bert_qkv_proj_seq512,8,8,split_mn,0.46010129431626334,0.05751266178953292,0.07668354905271056,0.9233164509472894
bert_qkv_proj_seq512,8,16,split_mn,0.8536228857799123,0.10670286072248904,0.1422704809633187,0.8577295190366813
bert_qkv_proj_seq512,8,32,split_mn,1.4914264866836922,0.18642831083546152,0.24857108111394868,0.7514289188860513
bert_qkv_proj_seq512,8,64,split_mn,2.380896913220734,0.29761211415259176,0.3968161522034556,0.6031838477965443
bert_qkv_proj_seq512,8,128,split_mn,3.39253112033195,0.42406639004149377,0.5654218533886584,0.43457814661134164
bert_qkv_proj_seq512,8,256,split_mn,4.3076923076923075,0.5384615384615384,0.717948717948718,0.28205128205128205
bert_qkv_proj_seq512,8,512,split_mn,4.9792935444579784,0.6224116930572473,0.829882257409663,0.17011774259033696
bert_qkv_proj_seq512,8,1024,split_mn,5.400264200792602,0.6750330250990753,0.9000440334654337,0.09995596653456629
bert_qkv_proj_seq512,8,2048,split_mn,5.6386206896551725,0.7048275862068966,0.9397701149425287,0.06022988505747129
